"id","dam","sire"
"F491735",NA,NA
"E906951",NA,NA
"VE33457",NA,NA
"E956247",NA,NA
"E956947",NA,NA
"E956992",NA,NA
"C659250",NA,NA
"E956216",NA,NA
"E956999",NA,NA
"F938316",NA,NA
"F938301",NA,NA
"F938315",NA,NA
"F874754",NA,NA
"F937897",NA,NA
"F937890",NA,NA
"F938299",NA,NA
"F874639",NA,NA
"F874793",NA,NA
"F937893",NA,NA
"F937863",NA,NA
"F938335",NA,NA
"F938401",NA,NA
"F833132",NA,NA
"F938402",NA,NA
"F873524",NA,NA
"VH21137",NA,NA
"VH21135",NA,NA
"VH64370",NA,NA
"F952700",NA,NA
"F952684",NA,NA
"H302097",NA,NA
"F952649",NA,NA
"H303407",NA,NA
"VJ57776",NA,NA
"F464578",NA,NA
"H303474",NA,NA
"H303455",NA,NA
"F952689",NA,NA
"F938374",NA,NA
"NN30674",NA,NA
"F938363",NA,NA
"F952719",NA,NA
"F938351",NA,NA
"H300544",NA,NA
"H300559",NA,NA
"H300540",NA,NA
"H300511",NA,NA
"H300536",NA,NA
"H300537",NA,NA
"H300391",NA,NA
"KR81672",NA,NA
"F952900",NA,NA
"F938372",NA,NA
"NN30739",NA,NA
"F938384",NA,NA
"F938370",NA,NA
"H300546",NA,NA
"H300547",NA,NA
"H300515",NA,NA
"H300517",NA,NA
"H301348",NA,NA
"H301364",NA,NA
"H301361",NA,NA
"H301383",NA,NA
"H301225",NA,NA
"F938405",NA,NA
"F938391",NA,NA
"VJ58021",NA,NA
"J745151",NA,NA
"J745101",NA,NA
"J745153",NA,NA
"H301356",NA,NA
"H301355",NA,NA
"VN56303",NA,NA
"F873559",NA,NA
"F873557",NA,NA
"H301725",NA,NA
"H301743",NA,NA
"H301730",NA,NA
"J745176",NA,NA
"J745183",NA,NA
"F938425",NA,NA
"F938426",NA,NA
"VN56346",NA,NA
"H301792",NA,NA
"VP51997",NA,NA
"F938604",NA,NA
"F938448",NA,NA
"F873583",NA,NA
"VR27722",NA,NA
"E509237",NA,NA
"J644093",NA,NA
"F938437",NA,NA
"K604505",NA,NA
"K604506",NA,NA
"K604706",NA,NA
"K604703",NA,NA
"F938605",NA,NA
"J644083",NA,NA
"F938624",NA,NA
"F938622",NA,NA
"K578106",NA,NA
"K604549",NA,NA
"K578511",NA,NA
"VN56376",NA,NA
"H301932",NA,NA
"K578504",NA,NA
"K578124",NA,NA
"K578130",NA,NA
"K578101",NA,NA
"F938638",NA,NA
"J745076",NA,NA
"K604570",NA,NA
"VX13438",NA,NA
"J745056",NA,NA
"J745070",NA,NA
"K578024",NA,NA
"K578029",NA,NA
"H300007",NA,NA
"H300019",NA,NA
"H300011",NA,NA
"J745081",NA,NA
"K604676",NA,NA
"K604566",NA,NA
"K578162",NA,NA
"VS79003",NA,NA
"K604953",NA,NA
"K604667",NA,NA
"K604669",NA,NA
"K604644",NA,NA
"K604674",NA,NA
"H300032",NA,NA
"H300042",NA,NA
"C695359",NA,NA
"C695385",NA,NA
"K578055",NA,NA
"K578040",NA,NA
"N200035",NA,NA
"N200044",NA,NA
"N200007",NA,NA
"N200084",NA,NA
"N200053",NA,NA
"N200047",NA,NA
"N200060",NA,NA
"N200624",NA,NA
"K578605",NA,NA
"K578620",NA,NA
"N200708",NA,NA
"N200559",NA,NA
"N200703",NA,NA
"N200370",NA,NA
"K578601",NA,NA
"N200101",NA,NA
"N200680",NA,NA
"N200112",NA,NA
"N200712",NA,NA
"N200599",NA,NA
"N200702",NA,NA
"N200589",NA,NA
"R639015",NA,NA
"P439027",NA,NA
"N200825",NA,NA
"N200806",NA,NA
"P439113",NA,NA
"N200773",NA,NA
"N200780",NA,NA
"N200819",NA,NA
"R639013",NA,NA
"R639004",NA,NA
"K578961",NA,NA
"P439004",NA,NA
"N200811",NA,NA
"N200816",NA,NA
"P439175",NA,NA
"N199233",NA,NA
"P439168",NA,NA
"P439061",NA,NA
"T177521",NA,NA
"T177502",NA,NA
"T177519",NA,NA
"F952921",NA,NA
"N199105",NA,NA
"N199109",NA,NA
"N199103",NA,NA
"P439105",NA,NA
"N200846",NA,NA
"R040153",NA,NA
"T550019",NA,NA
"T176429",NA,NA
"T640006",NA,NA
"F952461",NA,NA
"F952459",NA,NA
"F952464",NA,NA
"F952466",NA,NA
"E985044",NA,NA
"H300635",NA,NA
"E985082",NA,NA
"E985075",NA,NA
"E985086",NA,NA
"E985088",NA,NA
"E985089",NA,NA
"T550036",NA,NA
"T550041",NA,NA
"T550164",NA,NA
"N199441",NA,NA
"N199443",NA,NA
"N199418",NA,NA
"R639115",NA,NA
"R639113",NA,NA
"J644807",NA,NA
"N200998",NA,NA
"N199433",NA,NA
"R639201",NA,NA
"N199331",NA,NA
"N199318",NA,NA
"N199312",NA,NA
"T640328",NA,NA
"N199467",NA,NA
"T176814",NA,NA
"J644813",NA,NA
"R639111",NA,NA
"N199390",NA,NA
"T640067",NA,NA
"T640096",NA,NA
"F952478",NA,NA
"F952477",NA,NA
"N199652",NA,NA
"V260986",NA,NA
"K639119",NA,NA
"J644993",NA,NA
"H300660",NA,NA
"J644859",NA,NA
"J644902",NA,NA
"N199087",NA,NA
"N199634",NA,NA
"N199644",NA,NA
"R639442",NA,NA
"R639441",NA,NA
"T640357",NA,NA
"T177744",NA,NA
"T177683",NA,NA
"T177774",NA,NA
"R639129",NA,NA
"T640372",NA,NA
"R639486",NA,NA
"X235601",NA,NA
"X235615",NA,NA
"K578737",NA,NA
"T640378",NA,NA
"T176948",NA,NA
"T176944",NA,NA
"T640804",NA,NA
"T640382",NA,NA
"T640379",NA,NA
"K578709",NA,NA
"P439598",NA,NA
"N199664",NA,NA
"J644927",NA,NA
"N199681",NA,NA
"N199991",NA,NA
"T640584",NA,NA
"N199954",NA,NA
"T176959",NA,NA
"K578749",NA,NA
"N199685",NA,NA
"F459763",NA,NA
"F952437",NA,NA
"E018350",NA,NA
"T640707",NA,NA
"E018353",NA,NA
"E018348",NA,NA
"E018358",NA,NA
"E018375",NA,NA
"K578717",NA,NA
"R639292",NA,NA
"J644924",NA,NA
"R639239",NA,NA
"X235631",NA,NA
"T640779",NA,NA
"X239571",NA,NA
"X235619",NA,NA
"T640737",NA,NA
"X239722",NA,NA
"X239728",NA,NA
"X239704",NA,NA
"X239706",NA,NA
"J644958",NA,NA
"X239720",NA,NA
"X239723",NA,NA
"K578732",NA,NA
"X235727",NA,NA
"T640647",NA,NA
"X235138",NA,NA
"K578748",NA,NA
"K578738",NA,NA
"X237904",NA,NA
"T640769",NA,NA
"X237902",NA,NA
"X237910",NA,NA
"X235626",NA,NA
"J644960",NA,NA
"T176928",NA,NA
"X239905",NA,NA
"X239812",NA,NA
"X239906",NA,NA
"X239901",NA,NA
"T640728",NA,NA
"X239576",NA,NA
"J644946",NA,NA
"T640642",NA,NA
"J644952",NA,NA
"J644954",NA,NA
"J644956",NA,NA
"X235195",NA,NA
"R63929",NA,NA
"X237894",NA,NA
"L315207",NA,NA
"X235545",NA,NA
"X235639",NA,NA
"X239837",NA,NA
"L315233",NA,NA
"X235519",NA,NA
"X237971",NA,NA
"X237984",NA,NA
"L315401",NA,NA
"L315404",NA,NA
"L315402",NA,NA
"X235196",NA,NA
"L315808",NA,NA
"E509400",NA,NA
"L315810",NA,NA
"X239731",NA,NA
"E018488",NA,NA
"X239825",NA,NA
"X239737",NA,NA
"T640672",NA,NA
"X662574",NA,NA
"L315805",NA,NA
"X235541",NA,NA
"T640664",NA,NA
"E509380",NA,NA
"E509399",NA,NA
"X235502",NA,NA
"X237979",NA,NA
"X239964",NA,NA
"X239846",NA,NA
"X235571",NA,NA
"X239974",NA,NA
"X239956",NA,NA
"X239952",NA,NA
"X239965",NA,NA
"X235507",NA,NA
"X235598",NA,NA
"X235587",NA,NA
"X235588",NA,NA
"X239819",NA,NA
"X239975",NA,NA
"L315001",NA,NA
"X239967",NA,NA
"X239955",NA,NA
"L315409",NA,NA
"TP25779",NA,NA
"X235163",NA,NA
"X235564",NA,NA
"X239969",NA,NA
"F464559",NA,NA
"E018494",NA,NA
"X239740",NA,NA
"H303399",NA,NA
"X237931",NA,NA
"X239824",NA,NA
"X239732",NA,NA
"F833150",NA,NA
"L808693",NA,NA
"L315098",NA,NA
"L808500",NA,NA
"L311889",NA,NA
"L808865",NA,NA
"L312170",NA,NA
"L809439",NA,NA
"L809644",NA,NA
"L808862",NA,NA
"X805117",NA,NA
"L315217",NA,NA
"L809646",NA,NA
"L313295",NA,NA
"L809350",NA,NA
"L809321",NA,NA
"L311275",NA,NA
"X805416",NA,NA
"Y033849",NA,NA
"Y034711",NA,NA
"Y034735",NA,NA
"L809071",NA,NA
"L171472",NA,NA
"Y034204",NA,NA
"Y033804",NA,NA
"E509370",NA,NA
"Y034218",NA,NA
"Y033829",NA,NA
"L808757",NA,NA
"Y034201",NA,NA
"Y033840",NA,NA
"L808067",NA,NA
"Y034755",NA,NA
"L808332",NA,NA
"L809091",NA,NA
"Y034702",NA,NA
"Y034701",NA,NA
"Y034705",NA,NA
"L315886",NA,NA
"L315878",NA,NA
"Y034205",NA,NA
"L809630",NA,NA
"L809615",NA,NA
"Y032801",NA,NA
"L808679",NA,NA
"Y032863",NA,NA
"L809606",NA,NA
"L809426",NA,NA
"Y033404",NA,NA
"Y033405",NA,NA
"L809077",NA,NA
"L312889",NA,NA
"L312153",NA,NA
"L809411",NA,NA
"Y146902",NA,NA
"L809660",NA,NA
"L808419",NA,NA
"L312300",NA,NA
"L809365",NA,NA
"L809341",NA,NA
"L808480",NA,NA
"L808164",NA,NA
"TS45246",NA,NA
"L808879",NA,NA
"L809654",NA,NA
"Y034216",NA,NA
"Y034713",NA,NA
"Y033812",NA,NA
"Y033824",NA,NA
"Y034213",NA,NA
"L311897",NA,NA
"L808756",NA,NA
"Y034208",NA,NA
"L808736",NA,NA
"Y033847",NA,NA
"X239999",NA,NA
"Y031502",NA,NA
"Y035689",NA,NA
"L809433",NA,NA
"Y031496",NA,NA
"Y160630",NA,NA
"Y160141",NA,NA
"L809047",NA,NA
"Y031518",NA,NA
"Y031501",NA,NA
"Y035692",NA,NA
"Y035669",NA,NA
"L314214",NA,NA
"Y161065",NA,NA
"Y161053",NA,NA
"R639378",NA,NA
"L808549",NA,NA
"L808544",NA,NA
"Y838102",NA,NA
"Y035838",NA,NA
"X805428",NA,NA
"L808594",NA,NA
"Y160492",NA,NA
"Y035971",NA,NA
"L311300",NA,NA
"Y035975",NA,NA
"Y160531",NA,NA
"Y031454",NA,NA
"Y160426",NA,NA
"Y160486",NA,NA
"Y034349",NA,NA
"Y035875",NA,NA
"Y035878",NA,NA
"H300253",NA,NA
"L315027",NA,NA
"R639345",NA,NA
"X235008",NA,NA
"Y160678",NA,NA
"R639367",NA,NA
"L315887",NA,NA
"R639342",NA,NA
"Y160979",NA,NA
"L808660",NA,NA
"Y161529",NA,NA
"Y837301",NA,NA
"Y161003",NA,NA
"Y160960",NA,NA
"Y160585",NA,NA
"R639344",NA,NA
"TR41170",NA,NA
"Y031408",NA,NA
"Y160576",NA,NA
"L808668",NA,NA
"Y031694",NA,NA
"Y033194",NA,NA
"Y160115",NA,NA
"Y160935",NA,NA
"X805135",NA,NA
"Y160942",NA,NA
"L809427",NA,NA
"Y146323",NA,NA
"Y161027",NA,NA
"Y033149",NA,NA
"Y160603",NA,NA
"Y160620",NA,NA
"Y160609",NA,NA
"Y838309",NA,NA
"Y160493",NA,NA
"Y160473",NA,NA
"Y035995",NA,NA
"Y161509",NA,NA
"Y160940",NA,NA
"TP26598",NA,NA
"Y161511",NA,NA
"Y161489",NA,NA
"X805344",NA,NA
"Y035845",NA,NA
"Y160505",NA,NA
"Y837403",NA,NA
"Y160435",NA,NA
"Y160456",NA,NA
"Y160669",NA,NA
"Y160097",NA,NA
"X235006",NA,NA
"L314239",NA,NA
"Y033142",NA,NA
"Y160479",NA,NA
"TR40590",NA,NA
"Y837438",NA,NA
"Y837456",NA,NA
"Y031486",NA,NA
"Y164653",NA,NA
"Y838509",NA,NA
"Y837444",NA,NA
"Y839002",NA,NA
"L315026",NA,NA
"Y838931",NA,NA
"Y838964",NA,NA
"Y839844",NA,NA
"Y162866",NA,NA
"TX42521",NA,NA
"Y161935",NA,NA
"R639325",NA,NA
"TP28452",NA,NA
"X235029",NA,NA
"Y163545",NA,NA
"L315622",NA,NA
"TX42507",NA,NA
"TX42506",NA,NA
"Y163543",NA,NA
"Y838357",NA,NA
"Y163548",NA,NA
"Y164792",NA,NA
"Y162433",NA,NA
"Y163533",NA,NA
"D471706",NA,NA
"Y163532",NA,NA
"Y162481",NA,NA
"Y836999",NA,NA
"Y162799",NA,NA
"Y838658",NA,NA
"Y838965",NA,NA
"D471130",NA,NA
"D472947",NA,NA
"TS45282",NA,NA
"D472953",NA,NA
"TR41176",NA,NA
"TS45283",NA,NA
"TL39726",NA,NA
"Y163161",NA,NA
"Y163166",NA,NA
"Y163155",NA,NA
"Y836978",NA,NA
"Y839880",NA,NA
"Y839893",NA,NA
"Y839895",NA,NA
"TR42927",NA,NA
"Y162961",NA,NA
"Y162955",NA,NA
"D471762",NA,NA
"D472716",NA,NA
"D472723",NA,NA
"D472715",NA,NA
"D472728",NA,NA
"TL36088",NA,NA
"D472735",NA,NA
"D472767",NA,NA
"Y163178",NA,NA
"D471781",NA,NA
"D471222",NA,NA
"D472982",NA,NA
"Y162978",NA,NA
"D472973",NA,NA
"D471254",NA,NA
"Y839293",NA,NA
"TX42514",NA,NA
"Y839274",NA,NA
"D471240",NA,NA
"Y839279",NA,NA
"Y163141",NA,NA
"Y163135",NA,NA
"D471277",NA,NA
"Y162960",NA,NA
"D472800",NA,NA
"Y033177",NA,NA
"D471792",NA,NA
"D471282",NA,NA
"F491086",NA,NA
"E906949",NA,NA
"E956994",NA,NA
"E984807",NA,NA
"E956075",NA,NA
"E984178",NA,NA
"F937891",NA,NA
"E587198",NA,NA
"E956762",NA,NA
"E368867",NA,NA
"F984814",NA,NA
"E368879",NA,NA
"F937899",NA,NA
"F938337",NA,NA
"F938334",NA,NA
"F398338",NA,NA
"F465932",NA,NA
"F465933",NA,NA
"F952699",NA,NA
"H302085",NA,NA
"H302048",NA,NA
"F491268",NA,NA
"F952401",NA,NA
"VH21132",NA,NA
"H303456",NA,NA
"F952686",NA,NA
"VH21151",NA,NA
"F465936",NA,NA
"F952680",NA,NA
"F952691",NA,NA
"F938375",NA,NA
"F938347",NA,NA
"NN30811",NA,NA
"NN30847",NA,NA
"H300543",NA,NA
"H300512",NA,NA
"F938367",NA,NA
"VJ57362",NA,NA
"F464577",NA,NA
"H301105",NA,NA
"H301121",NA,NA
"F491427",NA,NA
"H301125",NA,NA
"H301130",NA,NA
"H300545",NA,NA
"H300527",NA,NA
"F938400",NA,NA
"F938394",NA,NA
"VB38309",NA,NA
"H301343",NA,NA
"VB55770",NA,NA
"VJ57749",NA,NA
"J745109",NA,NA
"J745163",NA,NA
"H301340",NA,NA
"F938412",NA,NA
"F938410",NA,NA
"F938419",NA,NA
"F873551",NA,NA
"H301733",NA,NA
"H301729",NA,NA
"H301738",NA,NA
"J745174",NA,NA
"VN85723",NA,NA
"F938436",NA,NA
"J745938",NA,NA
"J745947",NA,NA
"E018145",NA,NA
"J745929",NA,NA
"J745952",NA,NA
"K578311",NA,NA
"VP32292",NA,NA
"F938439",NA,NA
"J644092",NA,NA
"J644084",NA,NA
"J644081",NA,NA
"J644172",NA,NA
"J644094",NA,NA
"K604501",NA,NA
"J644071",NA,NA
"K604705",NA,NA
"K604710",NA,NA
"J644082",NA,NA
"VR26529",NA,NA
"H301988",NA,NA
"VJ57846",NA,NA
"K578111",NA,NA
"K604548",NA,NA
"K578518",NA,NA
"K578514",NA,NA
"K578513",NA,NA
"F938642",NA,NA
"F873596",NA,NA
"J745067",NA,NA
"K578540",NA,NA
"K578541",NA,NA
"K578549",NA,NA
"J745054",NA,NA
"K578025",NA,NA
"H300006",NA,NA
"H300020",NA,NA
"H300025",NA,NA
"K604648",NA,NA
"K578002",NA,NA
"K578013",NA,NA
"K578005",NA,NA
"K578004",NA,NA
"K578578",NA,NA
"K604612",NA,NA
"K604625",NA,NA
"H300028",NA,NA
"K578447",NA,NA
"C695336",NA,NA
"C695391",NA,NA
"C695346",NA,NA
"N200031",NA,NA
"N200043",NA,NA
"N200071",NA,NA
"C695366",NA,NA
"N200620",NA,NA
"H300043",NA,NA
"N200716",NA,NA
"K578448",NA,NA
"N200587",NA,NA
"N200532",NA,NA
"N200676",NA,NA
"N200591",NA,NA
"N200803",NA,NA
"N200730",NA,NA
"R040056",NA,NA
"R040159",NA,NA
"P439006",NA,NA
"R040074",NA,NA
"N199232",NA,NA
"H300064",NA,NA
"N200664",NA,NA
"P439158",NA,NA
"T177504",NA,NA
"T177503",NA,NA
"N200852",NA,NA
"N200749",NA,NA
"R040133",NA,NA
"F952926",NA,NA
"T177508",NA,NA
"T177529",NA,NA
"N200769",NA,NA
"A225413",NA,NA
"F952456",NA,NA
"F952463",NA,NA
"T176401",NA,NA
"E985091",NA,NA
"N200903",NA,NA
"P439131",NA,NA
"T550140",NA,NA
"H300611",NA,NA
"T177596",NA,NA
"T177579",NA,NA
"N200859",NA,NA
"T176477",NA,NA
"E985085",NA,NA
"A225354",NA,NA
"T550166",NA,NA
"TB26324",NA,NA
"E985048",NA,NA
"T177535",NA,NA
"TC58769",NA,NA
"N199302",NA,NA
"T640012",NA,NA
"F952473",NA,NA
"T176432",NA,NA
"J644814",NA,NA
"J644808",NA,NA
"N200968",NA,NA
"T176885",NA,NA
"N200953",NA,NA
"N200942",NA,NA
"T550196",NA,NA
"TE64149",NA,NA
"A225324",NA,NA
"T640229",NA,NA
"K578069",NA,NA
"T640066",NA,NA
"N199398",NA,NA
"F952476",NA,NA
"T177711",NA,NA
"T177719",NA,NA
"T177716",NA,NA
"N199484",NA,NA
"N199641",NA,NA
"R639243",NA,NA
"T177651",NA,NA
"H300618",NA,NA
"N199635",NA,NA
"T177644",NA,NA
"N199645",NA,NA
"N199392",NA,NA
"R639500",NA,NA
"R639309",NA,NA
"T640355",NA,NA
"R639127",NA,NA
"R639126",NA,NA
"H301159",NA,NA
"V260951",NA,NA
"T642476",NA,NA
"X235608",NA,NA
"T640380",NA,NA
"N199982",NA,NA
"K578724",NA,NA
"N199998",NA,NA
"N199978",NA,NA
"R639449",NA,NA
"K578761",NA,NA
"T176956",NA,NA
"F459758",NA,NA
"F459764",NA,NA
"T640706",NA,NA
"E018349",NA,NA
"T176991",NA,NA
"T640820",NA,NA
"E018354",NA,NA
"T640385",NA,NA
"J644922",NA,NA
"J644920",NA,NA
"F459766",NA,NA
"T640776",NA,NA
"X235137",NA,NA
"T640787",NA,NA
"X235629",NA,NA
"T640782",NA,NA
"T176957",NA,NA
"R639463",NA,NA
"X235145",NA,NA
"VJ61414",NA,NA
"VH81892",NA,NA
"X239703",NA,NA
"J644959",NA,NA
"X661866",NA,NA
"X239724",NA,NA
"X239726",NA,NA
"T640798",NA,NA
"X237911",NA,NA
"T640756",NA,NA
"X237901",NA,NA
"T640752",NA,NA
"T640781",NA,NA
"X237903",NA,NA
"X239805",NA,NA
"X240000",NA,NA
"X239902",NA,NA
"X239908",NA,NA
"J644947",NA,NA
"X235193",NA,NA
"J644937",NA,NA
"V729628",NA,NA
"J644955",NA,NA
"X239559",NA,NA
"J644941",NA,NA
"JC44869",NA,NA
"J644957",NA,NA
"L315208",NA,NA
"X239838",NA,NA
"L315204",NA,NA
"X237968",NA,NA
"X235635",NA,NA
"X235638",NA,NA
"L315232",NA,NA
"L315437",NA,NA
"L315407",NA,NA
"L315211",NA,NA
"X237967",NA,NA
"L315811",NA,NA
"L315812",NA,NA
"L315809",NA,NA
"X239734",NA,NA
"T640492",NA,NA
"X239736",NA,NA
"T640655",NA,NA
"T640654",NA,NA
"L315807",NA,NA
"E509398",NA,NA
"T640690",NA,NA
"L315813",NA,NA
"T640675",NA,NA
"T640498",NA,NA
"X237974",NA,NA
"X239973",NA,NA
"X239961",NA,NA
"X235596",NA,NA
"X235597",NA,NA
"E509388",NA,NA
"X237987",NA,NA
"X237999",NA,NA
"L315203",NA,NA
"L315202",NA,NA
"X235589",NA,NA
"X235590",NA,NA
"X235593",NA,NA
"T177675",NA,NA
"X239966",NA,NA
"X239968",NA,NA
"L315410",NA,NA
"X235526",NA,NA
"X239958",NA,NA
"X239971",NA,NA
"X237919",NA,NA
"X239738",NA,NA
"L809616",NA,NA
"L315096",NA,NA
"L808040",NA,NA
"L808001",NA,NA
"L809621",NA,NA
"L808696",NA,NA
"L808864",NA,NA
"L315097",NA,NA
"L808592",NA,NA
"L311268",NA,NA
"X805407",NA,NA
"X805375",NA,NA
"X239992",NA,NA
"Y033838",NA,NA
"Y033807",NA,NA
"Y033832",NA,NA
"X805409",NA,NA
"Y034724",NA,NA
"L311395",NA,NA
"L808082",NA,NA
"X237965",NA,NA
"Y034217",NA,NA
"Y033830",NA,NA
"T640673",NA,NA
"X235542",NA,NA
"L312169",NA,NA
"L809019",NA,NA
"L809055",NA,NA
"Y034706",NA,NA
"Y033831",NA,NA
"L315824",NA,NA
"X235505",NA,NA
"L809633",NA,NA
"L808677",NA,NA
"L809605",NA,NA
"L314252",NA,NA
"L808852",NA,NA
"X235573",NA,NA
"L809602",NA,NA
"Y033835",NA,NA
"Y146901",NA,NA
"L809327",NA,NA
"L809664",NA,NA
"L808478",NA,NA
"X805180",NA,NA
"L809413",NA,NA
"X805165",NA,NA
"L171498",NA,NA
"L312150",NA,NA
"L314251",NA,NA
"L808479",NA,NA
"L312855",NA,NA
"Y033855",NA,NA
"V279628",NA,NA
"X237918",NA,NA
"Y034712",NA,NA
"L314282",NA,NA
"Y034209",NA,NA
"Y033848",NA,NA
"X239998",NA,NA
"Y033827",NA,NA
"Y160561",NA,NA
"Y161492",NA,NA
"Y160626",NA,NA
"L808884",NA,NA
"Y160617",NA,NA
"Y160568",NA,NA
"Y031698",NA,NA
"Y161456",NA,NA
"Y033185",NA,NA
"Y837601",NA,NA
"Y837602",NA,NA
"Y033200",NA,NA
"Y161052",NA,NA
"X805393",NA,NA
"TR41187",NA,NA
"Y838101",NA,NA
"Y161048",NA,NA
"X805427",NA,NA
"Y035981",NA,NA
"Y161037",NA,NA
"L808053",NA,NA
"Y160448",NA,NA
"Y035973",NA,NA
"X237922",NA,NA
"Y035899",NA,NA
"L312865",NA,NA
"L809089",NA,NA
"Y146320",NA,NA
"L808337",NA,NA
"Y837333",NA,NA
"T640659",NA,NA
"Y034285",NA,NA
"Y160491",NA,NA
"Y160489",NA,NA
"Y160581",NA,NA
"R639318",NA,NA
"Y160527",NA,NA
"Y031476",NA,NA
"Y160996",NA,NA
"L171494",NA,NA
"Y031409",NA,NA
"Y160984",NA,NA
"R639320",NA,NA
"Y160579",NA,NA
"Y034272",NA,NA
"L171382",NA,NA
"Y034260",NA,NA
"L808853",NA,NA
"Y034259",NA,NA
"L171385",NA,NA
"Y033889",NA,NA
"Y160575",NA,NA
"Y160634",NA,NA
"Y161457",NA,NA
"Y146521",NA,NA
"Y160135",NA,NA
"Y160114",NA,NA
"L314250",NA,NA
"L808903",NA,NA
"L808718",NA,NA
"L171447",NA,NA
"Y161025",NA,NA
"TP26600",NA,NA
"Y033159",NA,NA
"Y033170",NA,NA
"KR81621",NA,NA
"Y160500",NA,NA
"Y160933",NA,NA
"L808882",NA,NA
"Y035675",NA,NA
"Y035657",NA,NA
"L809095",NA,NA
"Y838201",NA,NA
"TP42941",NA,NA
"Y838317",NA,NA
"L312854",NA,NA
"TP28474",NA,NA
"Y033145",NA,NA
"Y033138",NA,NA
"Y031452",NA,NA
"Y160440",NA,NA
"Y160490",NA,NA
"Y160442",NA,NA
"Y160507",NA,NA
"Y160677",NA,NA
"Y034292",NA,NA
"Y160096",NA,NA
"Y160488",NA,NA
"Y033143",NA,NA
"Y035896",NA,NA
"Y161401",NA,NA
"TP25892",NA,NA
"Y838348",NA,NA
"Y160631",NA,NA
"Y838339",NA,NA
"X235022",NA,NA
"Y836952",NA,NA
"Y836964",NA,NA
"Y160446",NA,NA
"X805656",NA,NA
"Y161336",NA,NA
"X805499",NA,NA
"Y164894",NA,NA
"L315623",NA,NA
"Y146330",NA,NA
"Y164645",NA,NA
"Y162795",NA,NA
"D471128",NA,NA
"Y164667",NA,NA
"Y839738",NA,NA
"Y161987",NA,NA
"TX42642",NA,NA
"Y164940",NA,NA
"Y838361",NA,NA
"X805352",NA,NA
"Y164923",NA,NA
"Y838394",NA,NA
"TX42601",NA,NA
"Y146228",NA,NA
"TX42532",NA,NA
"Y162402",NA,NA
"Y031401",NA,NA
"Y161398",NA,NA
"Y163957",NA,NA
"Y838904",NA,NA
"Y164955",NA,NA
"Y034298",NA,NA
"Y035846",NA,NA
"Y162800",NA,NA
"L808863",NA,NA
"Y837473",NA,NA
"D472942",NA,NA
"Y163102",NA,NA
"Y839220",NA,NA
"D472983",NA,NA
"Y836589",NA,NA
"Y839271",NA,NA
"Y839272",NA,NA
"D471763",NA,NA
"D472743",NA,NA
"D472792",NA,NA
"TL36015",NA,NA
"Y839253",NA,NA
"D472948",NA,NA
"Y839237",NA,NA
"Y162943",NA,NA
"Y162942",NA,NA
"TS45678",NA,NA
"Y839867",NA,NA
"D471779",NA,NA
"D471791",NA,NA
"D471778",NA,NA
"D471784",NA,NA
"D472996",NA,NA
"Y162915",NA,NA
"Y162975",NA,NA
"D471250",NA,NA
"D472794",NA,NA
"Y836584",NA,NA
"Y162956",NA,NA
"Y163128",NA,NA
"Y163179",NA,NA
"TS45280",NA,NA
"D471223",NA,NA
"Y162998",NA,NA
"D472793",NA,NA
"NN87949",NA,NA
"VB54863",NA,NA
"VB55520",NA,NA
"VC47168",NA,NA
"VB54621",NA,NA
"VB54589",NA,NA
"NN88720",NA,NA
"NN88767",NA,NA
"VB55172",NA,NA
"VB55080",NA,NA
"NN35939",NA,NA
"VC47059",NA,NA
"NN88750",NA,NA
"VC47114",NA,NA
"NN88895",NA,NA
"VB55560",NA,NA
"VB55591",NA,NA
"VE27160",NA,NA
"VE27041",NA,NA
"VE27265",NA,NA
"VE33730",NA,NA
"NN35955",NA,NA
"VE32556",NA,NA
"VE27090",NA,NA
"VE27141",NA,NA
"VE32758",NA,NA
"VE32858",NA,NA
"VE32861",NA,NA
"VE32736",NA,NA
"VE33150",NA,NA
"VE27767",NA,NA
"VE27883",NA,NA
"VE33335",NA,NA
"VE27865",NA,NA
"VE27854",NA,NA
"VE27900",NA,NA
"VE27803",NA,NA
"VE27798",NA,NA
"VE27708",NA,NA
"VE27987",NA,NA
"VE26341",NA,NA
"VE26234",NA,NA
"VE26251",NA,NA
"VE26272",NA,NA
"VE26273",NA,NA
"F464343",NA,NA
"VE33469",NA,NA
"VE33226",NA,NA
"VE33386",NA,NA
"VE33388",NA,NA
"VH83519","VE26273","VE32556"
"VH12450","F491735","VE27041"
"VE26994","NN35955",NA
"VH84638","VE32861","E906949"
"VH84643","VE32861","E906949"
"VH84466","E906951","VB55080"
"VH84072","NN88720","VE27141"
"VH84113","VE33457","VE27798"
"VH84235","E956947","VE33150"
"VH84404","E956992","E956994"
"VE33827","VB55172","VE27090"
"VH84051","VE27767","VE33730"
"VH84531","C659250","NN35939"
"VH21020","VE27987","VE33469"
"VE26178",NA,NA
"VE26137","VE27803",NA
"VH84434","VE33226","VE27160"
"VH84517","VE27883","VE27854"
"VH84516","VE27883","VE27854"
"VH83820","F938316","NN88767"
"VH83822","F938316","NN88767"
"VH83841","F938301","VE32858"
"VH83842","F938301","VE32858"
"VH83858","VB54589","VH83519"
"VH83809","F938315","VE26137"
"VH83785","VE26994",NA
"VH99074","NN87949","E984178"
"VH99093","VE33335","VH12450"
"VH12391","VH84404","VE33827"
"VH12385","VH84404","VE33827"
"VH12363","VH84235","F937891"
"VH12368","VH84235","F937891"
"VH84962","E956247","VH84113"
"VH84762","VE27865","NN88895"
"VH84865","VC47168","VB54863"
"VH84941","F937897","E587198"
"VH12337","F937890","VH21020"
"VH12335","F937890","VH21020"
"VH83305","F938299","VE26251"
"VH83210","F874639","E956762"
"VH83213","F874639","E956762"
"VH83233","VE26234","E368867"
"VH83346","VE26341","F984814"
"VH83366","VE32758","E368879"
"VH21103",NA,"VE32736"
"VH21105",NA,"VE32736"
"VH84967","VE33388",NA
"VH84881","E956216","VH84517"
"VH84989","VH84643","F937899"
"VH84984","VB55520","VE27900"
"VH84910","VH84516","VH84072"
"VH12329","E956999","VE33386"
"VH12331","E956999","VE33386"
"VH12306","VC47114","VE26178"
"VH12302","VC47114","VE26178"
"VH99345","VH83213","F938337"
"VH99337","VH99074","VH83785"
"VH99341","VH99074","VH83785"
"VH99330","F938335","VH83858"
"VH83915","F938401","F938334"
"VH83900","F833132","F398338"
"VH83959","F938402","VH84967"
"VH99322","VH84865","VB55591"
"VH99110","F873524","VH99093"
"VH82156","VH84941","VH12368"
"VH82318","VH84638",NA
"VH82085","VH21137",NA
"VH99898","VE27708","F465932"
"VH99849","VH21135","F465933"
"VH99844","VH21135","F465933"
"VH82228","VH64370","F464343"
"VH99838","VH12337","VH12391"
"VH99874","F952700","F952699"
"VH99876","F952700","F952699"
"VH82023","F952684","VH83820"
"VJ57192","H302097","VE26272"
"VJ57113","VH83842","H302048"
"VJ57117","VH83842","H302048"
"VJ57130","F874793","E984807"
"VH82606","VH12306","VH12335"
"VH82604","VH12306","VH12335"
"VH82568","H303407","F491268"
"VH82696","VJ57776","F952401"
"VH82535","F464578","VH84531"
"VH82691","VE27265","VH21132"
"VH82688","VE27265","VH21132"
"VH82844","H303455","H303456"
"VH82465","VE33226","VH84434"
"VH82130","F937893","E956075"
"VH82127","F937893","E956075"
"VH82062","VH12385","VB54621"
"VH82332","VH12329","F937899"
"VH99863","VH83809","VH84910"
"VH82116","VH84466","F952680"
"VH82472","F952689","F952691"
"VJ59348","F938402","VH84967"
"VJ59406","F938374","F938375"
"VJ59235","VH83233","F491086"
"VJ59362","F938363","VH99337"
"VJ59153","VH99341","F938347"
"VJ59321","F952719","VH83900"
"VJ59253","F938351","NN30811"
"VJ59248","F938351","NN30811"
"VH99984","VH82318","VH82023"
"VJ58700",NA,"VH84989"
"VN57666","F874754","NN30847"
"VJ58720","VH82130","VH99844"
"VJ58714","VH82130","VH99844"
"VN57537","H300544","VH82116"
"VJ58924","H300559","VH82228"
"VN57562","VH99898","F952686"
"VN57501","VH82696","VH99838"
"VJ58725","H300536","VH82332"
"VH99746","H300537","F952699"
"VJ58796","KR81672","VH82535"
"VJ59204","VH83915","VH83841"
"VJ59017","F938299","VH83822"
"VJ59308","F938372","VJ57117"
"VJ59100","NN30739","F938367"
"VJ59413","F938384","VJ57192"
"VH99367","VH83346","H302085"
"VH99376","VH83346","H302085"
"VH99375","VH83346","H302085"
"VJ59196","VE32758","VJ57113"
"VJ59200","VE32758","VJ57113"
"VJ59114","VH83210","VH83959"
"VJ59115","VH83210","VH83959"
"VJ59491","VH83305",NA
"VJ59472","F938370","VJ57362"
"VN57155","VH99345","F464577"
"VJ59946","VH84881","H301105"
"VJ59972","F952684",NA
"VN57100","VH82568","F491427"
"VJ59906","VH82688","VH82604"
"VJ59969","VH82606","VH99110"
"VN57051","H303474","VJ57130"
"VJ59922","VE27265","VH21132"
"VJ58823","H300546","VH82127"
"VH99723","VH84051","VH84517"
"VJ58858","VH99863","VH99849"
"VB55735","VH84762","VH82085"
"VJ58692","VC47059","VH84962"
"VJ58670","F937863","VH82156"
"VH99601","VH82472","VH12302"
"VJ58988",NA,"VH21151"
"VH99791","F952689","H300527"
"VN86003","VH99330","VH83900"
"VN57820","VH84941","VH84984"
"VN86833","VH82130","VH99874"
"VN57742","VH82062","H301343"
"VN57748","VH99898","VJ58924"
"VN86877","VH99723","VH99746"
"VN86878","VH99723","VH99746"
"VP51003","VH99984","VJ59362"
"VN56245","H300391","NN88750"
"VN56246","H300391","NN88750"
"VN86945","H301361","VJ59100"
"VN86815","H301225","VJ58796"
"VN86135","F938405",NA
"VN86030","F938391","VJ57749"
"VN86147","VH99376","VJ59115"
"VN86184","VH99322","VH83366"
"VN86034","VJ59308","VB55560"
"VN86033","VJ59308","VB55560"
"VN56137","VJ59406","VJ59114"
"VN85551","VJ58021","VH21105"
"VN85603","J745151","J745109"
"VN85517","J745101","F491427"
"VN85650","VJ59946","VJ59972"
"VN85644","VJ59946","VJ59972"
"VN85654","VH12331","H301125"
"VN85792","J745153","VN57155"
"VN85859",NA,"VN57100"
"VN85712","F464578","H301130"
"VN86356","VJ58988","VJ59922"
"VN86958","H300540","H300545"
"VP51083","H301356","VJ58670"
"VN86964","H301355","VH82156"
"VN57761","H300515","H301340"
"VN56250","H300517","F465936"
"VJ58439",NA,NA
"VJ58393",NA,NA
"VN87632","VN56137","F938394"
"VN87599","VJ59413","F938412"
"VN87505","VH82691","F938410"
"VN87784",NA,"F938400"
"VJ59648","F873559","VB38309"
"VJ59607","F873557","F873551"
"VP51500","VN86877","VN85644"
"VP51782","VJ58823","VJ58700"
"VR27041","VP51003","VP51083"
"VP51853",NA,NA
"VN56410","H301725","VN56246"
"VP51720","H301743","VN57761"
"VP51438","VN57742","H300543"
"VP51457","VH99791","H301729"
"VP51456","VH99791","H301729"
"VP51577","VN57537","H301738"
"VP51574","VN57537","H301738"
"VP51604","H300511","VJ58725"
"VN56428","H300391","F952699"
"VN56419","VN86815","VB55770"
"VP51841","H301383","VN86833"
"VP51706","VN57748","VN57051"
"VR27157","VN57501","VN85551"
"VN87585","VJ59196","VJ59472"
"VN87570","VH99375","VN86034"
"VN86484","VJ59491","VH99367"
"VP32360","F952684","VH83820"
"VN56380","VN85654","J745174"
"VP32243","VN86878","H301121"
"VN87064","VN86356","VN85723"
"VP32302","J745183","VN85650"
"VP32224","VN56245","VJ58714"
"VP32576","VJ58393","VJ59200"
"VN87046","VN86003","VN86030"
"VP32049","VJ59248","VJ58439"
"VP32117","VN85603","J745163"
"VN87060","VH21103","VJ59017"
"VP32104","VJ59348","VJ59906"
"VP32264","VN86135","VN85792"
"VR27036","H301348","VN86945"
"VP51957","H300547","VJ58670"
"VR27026",NA,"VN57562"
"VR27064","VH82465","VJ58720"
"VP51817","F952689","VN56250"
"VR26478","VN87585","VN87599"
"VR26449","NN30674","VN87505"
"VR26465",NA,"VN87632"
"VN87856","VJ59253","VN57666"
"VN87878","F938425","F938419"
"VR26323","F938426","VN87046"
"VR90059","VN56410","VN87060"
"VR26986","VR27041","J745938"
"VP51367","VH12363","J745947"
"VR27293","VR27036","VP51720"
"VR27298","H300511","VH99746"
"VR26970","H301792","VP51853"
"VR90116","F952900",NA
"VR27370","H301730","VB55770"
"VR90412","VH99984","VN86958"
"VR90301","VJ59235","VJ58692"
"VR26814","VN87064","J745929"
"VR90405","VJ59204","J745952"
"VR90406","VJ59204","J745952"
"VR90320","H301383","VP51500"
"VR27332","H301364","VH99876"
"VN87824","VP51456","VN86147"
"VN87822","VP51456","VN86147"
"VR27416","VN86878","H301121"
"VR27632","VR27157","VR27064"
"VR27499","F952649","VP32117"
"VR90012","VR27026","VP32292"
"VP51371","VP51997","VP51577"
"VR26583","VR26323","VN86033"
"VR26630","F938448","VR90116"
"VR26581","VN87878","F938439"
"VJ59774",NA,NA
"VR26168","F873583","VJ59648"
"VX14154","VN56346","J644092"
"VR90745","VP51574","J644084"
"VR90720","H301364","VR90412"
"VX14021",NA,"E018145"
"VR90666","VR90406","J644081"
"VX14073","VR27722",NA
"VR90881","VN85859","VN87856"
"VN86601","VR26465","J644172"
"VX14195","E509237",NA
"VX14201","VP32049","VR27416"
"VN86590","VN57537","H300512"
"VX14341","VJ59153","VN87824"
"VX14259","VH82844","J644094"
"VH99441","VN86484","VJ59115"
"VP32709","F938437","VH99367"
"VP32790","K604506","K604501"
"VP32442","VJ59607","VH21105"
"VX12028","K604706","VR90059"
"VP32894","K604703","VP51371"
"VP32841","VJ59348","VJ59969"
"VN86522","F938605","VR27499"
"VR90612","VP32243","VN87570"
"VR90626","VR27632","VP51604"
"VR90682","VP51957","VN57820"
"VX14082","VR90012","VR26970"
"VX14133","H301348","VP51782"
"VX14464","VN86964","VP51817"
"VN86652","VX14154",NA
"VN86673","VR26581","F938436"
"VR91550","F938604","VR26478"
"VR26206","VN56303","VN85712"
"VX13066","VJ59321","H301733"
"VX13374","VX14133","VN86601"
"VX13277","VR90406","VP51457"
"VX13343","VP51367",NA
"VX13179","VP32264","VR26814"
"VX13103","J644093","VJ57846"
"VX13329","VN87822","K578111"
"VX13133","VP32104","VP51438"
"VX12372","VJ59774","K604548"
"VX12166","VN56428","VN87784"
"VX12162","VP32224","VR27293"
"VX12178","VR26449","VN56419"
"VX12776","K578511","VH83820"
"VX12813","VR90405","J644071"
"VX12512","J745176","VN85517"
"VX12895","VN56376","K578518"
"VX12632","H301932","VP51706"
"VX12654","VN86522","VP32709"
"VX12661","VX14201","VR26168"
"VX12844","VR27332","K578514"
"VX13610","K578124","VX14082"
"VX13525","K578130","VR90626"
"NN87440","VP32576","VR27298"
"VX13678",NA,NA
"VX13007","J644083","VH99601"
"VR91079","VR26630","VR26529"
"VN87327","VX12632","F873596"
"VR26256","VP32360","VX12654"
"VN87317","VX13343","VN56380"
"VX13790","K578106","VR90301"
"VS83642","VX14073","VP32442"
"VS83666","VX14341","J745067"
"VR91043","VR91550","VX12661"
"VX12496","VR26583","VN86184"
"VR91448","VR90405","K578540"
"VR91458","VX14021","K578541"
"VR91849","VX12776","K578549"
"VR91661","K578504","K578514"
"VR91666","K578504","K578514"
"VX13910","VR90612","VX13678"
"VS83406","J745056","J745054"
"VX13727","VP32243","VB55735"
"VX13789","K578101","VJ58858"
"VS84629","F938624",NA
"VS84619","F938622",NA
"VS84642","VP32790","F938642"
"VS84884","F938638","K578513"
"VF64943","K578024","K578025"
"VN85403","VX13343","VN56380"
"VN85429","VX12632","VN87327"
"VN85437","H300007","H300006"
"VN85416","VP32302","VN86652"
"VF63547","H300019","H300020"
"VF64699","VR27370","VS83666"
"VS83747","VX12372","VX14195"
"VS83800","VX13329","VX13103"
"VF64426","VP32841","H301988"
"VF64420","VP32841","H301988"
"VS84455","VN86590","NN87440"
"VS84403","J745081","VX12895"
"VS84408","J745081","VX12895"
"VF64536","J745076","VP32894"
"VS84331","VR26986","VX13066"
"VF64533","K604676","K604648"
"VF64613","VR90881","VX12028"
"VF64107","VX13790","VX12512"
"VS84597","VN86673","VX12166"
"VS84713","VR91043","K578002"
"VS84890","K604566",NA
"VS84556","K604570","K578013"
"VS84548","K604505","VH99441"
"VS84549","K604505","VH99441"
"VS84591","VX12496","K578005"
"VS84588","VX12496","K578005"
"VS84536","VR26206","VR91661"
"VS84727","K604549",NA
"VS84724","K604549",NA
"VF64229","K578162","VR91458"
"VF64233","VS79003","VR91448"
"VR91992","VX13133","K604710"
"VF64256","K604953","K604705"
"VF64259","K604953","K604705"
"VF64242","VX12813",NA
"VF64149","VP51841","VR90320"
"VF64081","VX13525","K578578"
"VS83736","VR90666","VX13179"
"VF64595","VX13007","VX13678"
"VS84368","VR90612","J745054"
"VF64667","VX13438","K604612"
"VS84417","K604667","VR90682"
"VS84428","VN87317","K604625"
"VS83789","VP32243","J644082"
"VF64622","K604644","VX13727"
"VS84415","VX13910",NA
"VF64555","J745070","VX13277"
"VF64574","K604674","VX14464"
"VS83056","VR91666","VS84629"
"VS83221","K578029","VX12162"
"VS83214","VS84619","VX12178"
"VF63690","VX12632","VN87327"
"VT33038","C695359","K578447"
"VT34711","VS84331","C695336"
"VT33013","VR90720","VX13610"
"VF64789","VF64699","VF64533"
"VT34731","VS84408","C695346"
"VT33221","VS84455","VF64107"
"VS83235","K578040","VS84549"
"VS83074","VR91043","VX12166"
"VS83831","VS84727","K578004"
"VT34210","N200035","K578311"
"VT34052","N200007","VS84597"
"VT34051","N200007","VS84597"
"VT34006","VR26256","VN85437"
"VT34549","N200084",NA
"VT34785","VS84403","VS83736"
"VT34976","VX13374","VS84417"
"VT34889","VF64622","VS84428"
"VT33111","K604669","VS83642"
"VF64355","VS84368","VF64574"
"VF64728","VR90666","VX13179"
"TA16472","N200624","VT34711"
"TA16399","VR91079","VS84588"
"TA16355","K578055","VF64081"
"TA16048","VF64943","VS84591"
"TA16484","K578620","VF64259"
"TA16421","VS83406","VS83074"
"TA15087","H300011","VN85416"
"TA15057","VN85429","H300025"
"TA15118","H300042","VF63690"
"TA15124",NA,NA
"VT34695","H300032","H300043"
"TA15227","VX14259","H300028"
"TA15239","VS84890","VS84884"
"VR27872","VF64789","N200716"
"VT33548","VS84331","C695336"
"VT33785","VS83747","VX13789"
"VT33381","VF64613",NA
"VT33379","VF64613",NA
"TA16861","N200703","K578448"
"VT33791","VT34731","N200532"
"TA16848","VT33013","N200676"
"TA16031","VS84556",NA
"TA16299","VS83056","K578004"
"TA16240","N200370","VR91661"
"VT33956","VF64256","VF64149"
"TA15407","VR91992","VF64242"
"TA15588","VT34051","VF64536"
"TA15730","N200044","VF63547"
"VT33932","VS83214","VR91849"
"TA15522","VS84724","VS84642"
"TA15559","VN85403","VR90320"
"TA15541","N200112","N200071"
"TA15501","N200060","VS83221"
"TA15499","N200060","VS83221"
"TA15531","N200053","VX12844"
"TA16843","VF64555","VS84417"
"VT33693","VT33038","N200591"
"VT33317","K604669","VS83642"
"VT33598","VT34006","VT33221"
"VT33596","VT34006","VT33221"
"TA16744","N200599","VF64728"
"TA16754","N200702","VS83789"
"TA16757","N200702","VS83789"
"VT33711","VF64667","VT34210"
"TB21623","TA15730","TA16031"
"TA15246",NA,NA
"VR91375","N200559","VT34976"
"VF64811","N200806","N200803"
"VR91379","P439113",NA
"VH21716","C695385","VS83800"
"VR91205","N200708","VF64426"
"TB21667","TA16421","TA16299"
"TB21562",NA,"VS83831"
"TB21524","K578601","VS84548"
"VF63055","VT34889","VR90745"
"VF63056","VT34889","VR90745"
"VF63063","N200101","N200031"
"TB21633",NA,"TA16399"
"VS84968","N200712","C695391"
"VF64845","P439004","VS84417"
"VR91346","N200816","R040074"
"VS84963","VT33111","VT33548"
"VF64802","VF64622","VF64595"
"TB26221","K578605","TB21524"
"TC58907","P439175","TA16472"
"TC58049","N199233","N199232"
"TB26305","TA15730","VS84713"
"TB26303","TA15730","VS84713"
"TC58193","VR91379","TA16048"
"TC58158","R639015","N200620"
"VH99600","P439168",NA
"VR98038","TA15407","N200664"
"VR98050","TA15559","TA15057"
"VR98112","P439027","TA15227"
"TC58568","TA16843","VT33317"
"TC58420","T177521","VS84968"
"TC58481","VH21716","P439158"
"TB26377","T177502","T177504"
"TC58182","T177519","VS84963"
"TB26378","VT33381","T177503"
"TB26383","VT33381","T177503"
"TC58357","N200825","VT33785"
"TB26579","N200806","VF64420"
"TC58024","VF64845","N200852"
"TB26694",NA,"VR91346"
"TC58142","TA16861","N200749"
"TB26555","F952921","VR91205"
"TC58153","VF64802","R040133"
"TB26601","VF64811","VF64229"
"TB26623","TA16484","R040056"
"TB26643","C695385","VS83800"
"TB26520","N200780","VT33693"
"TB26668","TA15501","VT33379"
"TB26663","TA15501","VT33379"
"TC58310","N200680","R040159"
"TC58306","N200680","R040159"
"TC58510","VF64233","N200730"
"TB26120","R639013","TB21623"
"TB26053","N199103","VS84536"
"TB26213","R639004","TA16240"
"VF63966","TA16848",NA
"VF63751","VT34052","F952926"
"VF63705","VT33598","N200043"
"VF63856","VF63056","VT33791"
"VF63990","P439105","VT33956"
"VF63748","N200846","VT34695"
"VF63745","N200846","VT34695"
"VF63499","TA16355","TA15522"
"VF63930","R040153",NA
"TC58112","K578961","TA15239"
"VF63447","TB21633","VT34549"
"VF63781","N200060",NA
"VF63479","N200047",NA
"TC58046","P439004","T177508"
"TC58041","P439004","T177508"
"TC58047","P439004","T177508"
"TC58577","N200702","T177529"
"TC58377","VR91375","C695366"
"TB26658","TA16754","VF64355"
"TC58369","VT34785","VT33711"
"TC58372","VT34785","VT33711"
"TC58497","VR27872","N200769"
"TC58205","TA15588","VT33221"
"TE79554","TB26303","TC58907"
"TE79326","R639015","TB26305"
"VR98292","F952461","TA15124"
"TA15386","TC58193","VR98112"
"VR98214","VF63990","VF63745"
"VR98280","TB26520","F952456"
"TA15355","F952464","F952463"
"TA15362","TC58112","TB26668"
"TA15346","F952466","TB26555"
"VR98260","P439061","TA15118"
"TA16663","VS84415","TB26623"
"TC59093","T177521","VS84968"
"TE79798","TB26383","E985091"
"TE80618","TA15531","TB26378"
"TE80266","TA16757","T550140"
"TE80267","TA16757","T550140"
"TE80534","N200806","H300611"
"TE79837","VF63447","N200859"
"TE80125","E985082","TB26643"
"TC59009","TC58142","R040133"
"TE80167","N200773","N200532"
"TE79871","N200819","E985085"
"TE79844","VF63705",NA
"TE79039","T550036","TB26120"
"TE80088","T550164","T550166"
"TE79801","TC58306","TB26579"
"TE80067","R040153",NA
"TE80345","K578961","VF63063"
"TE79729","TB26053","TB26324"
"TB27061","N200589","TC58357"
"TE80544","TC58024","P439006"
"TE80505","P439004","E985048"
"TE80501","P439004","E985048"
"TC58781","VR98038","T177535"
"TB27055","TA15541","TC58047"
"TA16681","TB26221","N200769"
"TA16682","TB26221","N200769"
"TK27048","T640006","VR98280"
"TK27170","TB21562","TC58769"
"TK27169","TB21562","TC58769"
"TE79151","VF63781","N199302"
"TK27150","T550019","VF63499"
"TK27019","TE80067","T640012"
"TK27017","TE80067","T640012"
"TK27141","T176429","A225413"
"TB27128","F952459","TA15087"
"TB27182","VF63751","TA15362"
"TB27303","TA16744","F952473"
"TB27357","N199443","VR98292"
"TK25841","TE80618","T176401"
"TK26287","TC58420","TC58568"
"TK26065","TB26694","T176432"
"TK26067","TB26694","T176432"
"TK26300","T177521","VS84968"
"TC59923","R639115","TC59009"
"TC59717","R639113","TA16682"
"TC59607","TE80266","N200903"
"TB26890","VT33596","P439131"
"TB26839","E985044","N200587"
"TB26841","E985044","N200587"
"TC59749","H300635","T177596"
"TC59686",NA,"TC58153"
"TC59761","TE79801","J644814"
"TK26172","TC58142","R040133"
"TK25806","E985075","R040056"
"TK25817","N200998","TB26213"
"TK25815","N200998","TB26213"
"TC59893","TE79798","N200968"
"TC59195","TE79844","T176477"
"TK26531","TE80125","T176885"
"TC59500","TE80544","N200953"
"TK27410","E985088","E985085"
"TK26361","E985086","VT33379"
"TK25711","E985089","TE79326"
"TK26131","TE79729","N200942"
"TB26734","VH99600","A225354"
"TK25676","N199318","VS83235"
"TK25698","N199105",NA
"TK25769","T550041","T550196"
"TK25624","N199312","TB21667"
"TK27505","VF63856","VF63930"
"TK27488","TC58205","TE64149"
"TK27588","TA15246","TE80345"
"TC59340","TE80505","VF63966"
"TC59941","N199467","VR98214"
"TK27596",NA,"TE80088"
"TC59161","TE79554","TC58049"
"TC59159","TA15499","H300064"
"TK26228","N200811","TC58372"
"TK26310","TC58577","T177508"
"TK25863","TC58497","TC58369"
"TK26079","TE80534","T640229"
"TK26078","TE80534","T640229"
"TC59734","N199390",NA
"TJ26069","T640096","TC59161"
"TB27289","F952478","F952476"
"TB27268","N199441","TA15386"
"TB27292","F952477","T177711"
"TB27239","TC59734","T177719"
"TB27473","TB27357","TA15362"
"TB27416","VT33932",NA
"TB27439","N199418","T177716"
"TB27250","F952461","VR98260"
"TC58975","N199652",NA
"TC58947","TK26310","N199484"
"TC58932","TK26287","R639243"
"TJ27586","J644807","T177651"
"TJ27916","K639119","TK26067"
"TJ27682","N200806","T177579"
"TJ27801","J644993","TK25806"
"TJ27780","H300660","H300618"
"TK26967","J644859","TB27055"
"TK26979","N199087","TC59923"
"TK26987","TC58781","TK26065"
"TK26910","TE79801",NA
"TC58632","TB26839","T177644"
"TC58631","TB26839","T177644"
"TC58613","N199634","VF63055"
"TC58655","TE79844","T176477"
"TC58648","N199433","VF63479"
"TJ24354","R639201","TB26658"
"TC58964","TB27061","TK25817"
"VE32609","TC59941","TK25815"
"TK26952","VF63856","VF63930"
"TJ26665","R639441","R639500"
"TJ26753","TE79151","TB26734"
"TJ24202","TK27048","TC59159"
"TJ24171",NA,NA
"TK26923","T177683","R639127"
"TK26991","TB27303","TC58310"
"TE79914","T177774","TK27596"
"TK27782","TK27170","H301159"
"VE32883","TC58510","A225324"
"TJ27563","TK27410","TC59093"
"TJ27951","TC59893","V260951"
"TJ27510","TK26228",NA
"TJ26089","T640067","K578069"
"TL37607","TK25769","TK27150"
"TJ26240","TJ27682","TK27141"
"TJ26252","TK26987","X235608"
"TL37449","T640378","TB27289"
"TJ26160","VR98050","TA15355"
"TL37528","F952478","F952476"
"TL37538","TK27169","TB27128"
"TL37539","TK27169","TB27128"
"TL37455","TE79871","TB27416"
"TJ24511","TB27357","TA15362"
"TL37132","TC58046","TK26172"
"TL38224","TK26287","R639243"
"TL38226","TK26287","R639243"
"TL36407","J644927","K578724"
"TL38004","TB26890","J644808"
"TL38179","T640584","N199645"
"TJ26128","R639442","R639449"
"TL37408","N199109","T176956"
"TJ25269","K578749","N199392"
"TJ26166","N199685",NA
"TL39031","TB27268","TK27488"
"TL39121","T640357",NA
"TL37155","TE79837","TJ27916"
"TL37158","TE79837","TJ27916"
"TL39605","F459763","F459764"
"TJ25288","F952437","TJ27801"
"TJ25282","TJ27586","TJ27951"
"TL39134","TK26952",NA
"TL39168","TB27182","TC58947"
"TL39013","E018350","E018349"
"TL37404","TK25841","TC59500"
"TJ26196","TK26923","TK27588"
"TL39052",NA,"R639126"
"TL39280","TJ24202","T176991"
"TL37151","T177744","T640820"
"TL39061","E018353","E018354"
"TL39659","TK26531",NA
"TL39669","TK27505","TC59340"
"TL39083","TE79914","TK25711"
"TL39552","E018358",NA
"TJ24530","TB26841","TC59717"
"TL38067","TA15531","TK25863"
"TL36325","T176814","TC58182"
"TL36340","TJ27510","J644922"
"TL36358","J644924","TK26967"
"TL37508","R639111","TC58377"
"TL37034","TE80501","T642476"
"TL37646","T640779","N199398"
"TL37749","X235601","T640787"
"TL37748","X235601","T640787"
"TL37793","K578737","TK26131"
"TL37779","TK25769","TK27150"
"TL37756","X235619","T640066"
"TL37753","X235619","T640066"
"TL37665","TL39280","T640782"
"TL37660","TL39280","T640782"
"TL37623","R639486","T640012"
"TL37630","R639486","T640012"
"TL37825","T640737","T176957"
"TL37733","X235615","TC58631"
"TL37734","X235615","TC58631"
"TL37735","X235615","TC58631"
"TL37674","TL37607","TC58648"
"TL37614","TJ26069","R639463"
"TP25592",NA,"TL37538"
"TP25601",NA,"TL37538"
"TP25523","T176948","T640380"
"TP25552","T640804","X235145"
"TP25604","TL37508","VJ61414"
"TP25559","TK26991","TB27250"
"TP25586","TC58655","VH81892"
"TP25700","T640382",NA
"TP28626","P439598","TB26601"
"TJ24711","TJ25288","X239703"
"TP28851","X239722",NA
"TP42023","X239728","TC58613"
"TJ24718","X239704","TL38004"
"TP28751","X239706","TL36340"
"TJ24728","TC59607","T177651"
"TJ24861","J644958","J644959"
"TJ24864","J644958","J644959"
"TJ24751","J644902","TL38179"
"TJ24747","J644902","TL38179"
"TJ24754","J644902","TL38179"
"TJ24902","TL39552","N199635"
"TP28778","TK26078","TK26300"
"TP28779","TK26078","TK26300"
"TP28752","TB26890","TL38067"
"TP28756","TB26890","TL38067"
"TP28753","TB26890","TL38067"
"TP28614","TL39669","N199998"
"TP28611","TL39669","N199998"
"TP28615","TL39669","N199998"
"TP28638","N199644","TC58041"
"TP28632","K578732","TE80167"
"TP28633","K578732","TE80167"
"TP28846","N199954","X239724"
"TP28716","K578709","N199978"
"TP28712","K578709","N199978"
"TP42016","X235727","X239726"
"TP28877","TJ24171","TK26361"
"TJ24945","T640647","TJ27780"
"TP41544","N199331","TC58964"
"TP41543","N199331","TC58964"
"TP41548","N199331","TC58964"
"TP41546","N199331","TC58964"
"TP41627","TC58158","T640798"
"TP41854","T176959","R639309"
"TP41729","K578738","T640756"
"TP41860","X237904","T640752"
"TP41649","T640769","K578761"
"TP41653","T640769","K578761"
"TP41557","TJ26753",NA
"TP41680","TJ26089","T640781"
"TP41677","TJ26089","T640781"
"TP41818","X237902","X237903"
"TP41816","X237902","X237903"
"TP41889","TK25676",NA
"TP41698","N199664","F459758"
"TP41702","N199664","F459758"
"TP25808","TL39031","F459766"
"TP41640","X237910","TL39013"
"TP41633","TJ26240","TL39605"
"TP25567","TB26663","T640355"
"TP25671","TA16681","X239805"
"TP25670","TA16681","X239805"
"TP25673","TA16681","X239805"
"TL37683","TC58932","TL37449"
"TP25167","R639129","TK26910"
"TP25168","R639129","TK26910"
"TP25060","X239905","TL37455"
"TP25066","X239905","TL37455"
"TP25511","TL39061",NA
"TP25802","X239812",NA
"TP25001","TE79914","TK25711"
"TP25121","E018348","VF63748"
"TP25068","X239906","TL37528"
"TP25044","TL39052","TK27019"
"TP25108","T640372","X240000"
"TP25026","X239576","X239902"
"TP25097","E018375","X239908"
"TP25494","J644946","J644947"
"TJ24837","J644952","TA16663"
"TJ24832","J644952","TA16663"
"TJ24834","J644952","TA16663"
"TJ24809","J644954","T640385"
"TJ24810","J644954","T640385"
"TP28736","TK26979","TC58481"
"TP28737","TK26979","TC58481"
"TP28740","TK26979","TC58481"
"TL38835","TC59749","TL37034"
"TJ24778","J644956","J644955"
"TJ24873","X235195","N200903"
"TJ24874","X235195","N200903"
"TJ24871","X235195","N200903"
"TJ24821","J644813","TE80267"
"TL38768","R639111","TC58377"
"TJ24880","R63929","TJ24530"
"TJ24770","R639292","TJ24530"
"TL38816","TL36407","X239559"
"TL38784","TC59761","J644920"
"TL38786","TC59761","J644920"
"TL38790","TC59761","J644920"
"TL38788","TC59761","J644920"
"TP25455","R639239","J644941"
"TK25594","TE79871","JC44869"
"TJ24811","N199681","J644957"
"TP28121","TP41546","X239838"
"TP28114","X235639","X235638"
"TP28256","L315233","L315232"
"TP28157","T640737","T176957"
"TP28268",NA,"L315437"
"TP28135","X237984","TL37614"
"TR42091","TP25068","TP25559"
"TP28403","L315402","TB27239"
"TP28090","T640382","L315211"
"TP28089","T640382","L315211"
"TP28087","T640382","L315211"
"TR43643",NA,"X237967"
"TR43640",NA,"X237967"
"TR42336","TA15346","L315811"
"TR43636","TJ24874","TJ24832"
"TR43611","P439598","L315812"
"TR43512","L315808","L315809"
"TR43559","E509400","N199641"
"TR40725","L315810","N199982"
"TR40723","L315810","N199982"
"TP42049","X239731","TJ24754"
"TR42115","E018488","TJ24871"
"TP42045","TP28756","K578724"
"TR42066","T640672","T640655"
"TR42058","T640672","T640655"
"TR42059","T640672","T640655"
"TR42654","X662574","TJ24902"
"TR42051","TP25121","T640654"
"TR42570","N199681","TL38179"
"TR40764","K578732",NA
"TR42087","TL38224",NA
"TR42090","TL38224",NA
"TR43589","TP28737","L315807"
"TR43588","TP28737","L315807"
"TR43591","TP28737","L315807"
"TR43661","X235541",NA
"TR43585","TJ24945",NA
"TR43664","X239720","N199998"
"TR43666","X239720","N199998"
"TR40735","X239723","TL37132"
"TR40740","X239723","TL37132"
"TR40734","X239723","TL37132"
"TR40743","TP41633","E509398"
"TR40742","TP41633","E509398"
"TR40750","N199991","X661866"
"TP42059","TP28633","TP28638"
"TR40757","TC58632","TC59195"
"TR40759","TC58632","TC59195"
"TR43547","T640664","VE32609"
"TP42094","E509380","T640690"
"TR43544","TP25060","TJ24861"
"TR43536","TP25060","TJ24861"
"TR40115","X239964","TL37734"
"TR40119","X239964","TL37734"
"TR40117","X239964","TL37734"
"TR40256","TJ26753","TJ26128"
"TR42719","X239846","TL37646"
"TR42722","X239846","TL37646"
"TR42721","X239846","TL37646"
"TR40017","TJ26665","TL37408"
"TR40108","X239956","X237974"
"TR40418","TK25624","X239973"
"TR40183","K578748","X239961"
"TR40179","K578748","X239961"
"TR40280","TP41627","TL37825"
"TR40286","TP41627","TL37825"
"TR42703","K578738","TP41860"
"TR42709","K578738","TP41860"
"TR42705","K578738","TP41860"
"TR40207","X239952","X237901"
"TR40227","X237904","T640752"
"TR40237","TB27439","TB26734"
"TR40243","TB27439","TB26734"
"TR40164","TP41818","TL37753"
"TR40153","X239965","TP41557"
"TR40261","TP28846","TL37665"
"TR40266","TP28846","TL37665"
"TR40263","TP28846","TL37665"
"TR44112","TK27048","TC59159"
"TL39445","TL39031","TP25168"
"TL39461","X235507","X235596"
"TL39440","TP25670","E018354"
"TL39459","X235598","X235597"
"TL39458","X235598","X235597"
"TP42106","X235587","X237987"
"TR44157","TJ27586","TP25673"
"TP41744","TL37155","TP25108"
"TP41767","TJ26240","L315203"
"TP41766","TJ26240","L315203"
"TL39419","TJ24751","L315202"
"TP41777","TL37151","TP25808"
"TP41778","TL37151","TP25808"
"TP41775","TP25097","TP25167"
"TP41797","TP25044","X235590"
"TP41758","TJ26196","T640706"
"TR44139","X239819","T177675"
"TR44024","T640707","TP25671"
"TL39479","TP41640",NA
"TR42621","TP25066","TJ24873"
"TR42615","TP25066","TJ24873"
"TR40093","TC58932","X239966"
"TR40317","X239967","X239968"
"TR40063","X239955","TP41543"
"TR40055","X239905",NA
"TR40051","X239905",NA
"TR42106","L315409","L315410"
"TP28041","TP25779","TP28753"
"TR40336","X235163","TK27782"
"TR40339","X235163","TK27782"
"TP28493","X235564","X235526"
"TP28496","X235564","X235526"
"TR40050","TK27170","X239958"
"TR40045","TK27170","X239958"
"TR40042","TK27170","X239958"
"TP42153","TL37749",NA
"TR40363","J644960",NA
"TR40084","TK26079","TK27017"
"TR40031","X239576","TL37674"
"TR42368","TB26377","J644947"
"TR42227","T640642","TJ24770"
"TR42550","K578717","J644937"
"TR40792","TK26979","TC58481"
"TR40796","TK26979","TC58481"
"TR42281","TP28752","TP28740"
"TR42129","TJ24864","TJ24809"
"TR42143","E018494","TL38784"
"TR42379","X239740","TP28736"
"TR42378","X239740","TP28736"
"TR42073","TL38790","TJ24778"
"TR42071","TL38790","TJ24778"
"TP42079","J644954","TC58975"
"TP42073","J644954","TC58975"
"TR42187","TP25026","TP41702"
"TR42294","H303399","X239738"
"TR42565","X237894","TP28778"
"TR42170","J644956","TJ24810"
"TR42235","X237931","N200903"
"TR42634","TL37748","TL38816"
"TR42288","X239824","TJ24880"
"TR42305","J644813","TE80267"
"TR42347","TL37756","TJ24718"
"TR42342","TL37756","TJ24718"
"TR42163","TP28779","X239559"
"TR42314","F833150",NA
"TR42403","TL38835","TP42016"
"TR44160","TJ26196","T640706"
"TR44164","TK26923",NA
"TR44162","TK26923",NA
"TS44742","X235631","L809616"
"TS45014","TR42336","TR40031"
"TS45015","TR42336","TR40031"
"TS45013","TR42336","TR40031"
"TS45017","TR42336","TR40031"
"TS44723","X235545","X235635"
"TS44725","X235545","X235635"
"TS44724","X235545","X235635"
"TS44726","X235545","X235635"
"TR43154","L315098","L315096"
"TS45261","L808500","L808040"
"TS45265","L808500","L808040"
"TS45240","TP25523","TC58648"
"TP25910","L311889",NA
"TS44753","TR40051","L808001"
"TS44761","TR40263","L809621"
"TS45009","X239837","TR40179"
"TP25912","L312170","L808696"
"TP25918","L312170","L808696"
"TS44791","L809644",NA
"TS44789","L809644",NA
"TS44826","X237971","L315097"
"TS45778","TP41653",NA
"TS45781","TP41653",NA
"TS45785","TP41653",NA
"TS45782","TP41653",NA
"TS45783","TP41653",NA
"TS45043","TP25601",NA
"TS45042","TP25601",NA
"TR43102","L315217","L315204"
"TR43106","L315217","L315204"
"TP25901","L809646","L315208"
"TK27306","TL37539","TL39659"
"TK27305","TL37539","TL39659"
"TK27311","TL37539","TL39659"
"TR44501","L315402","TB27239"
"TR43131","L315404","L808592"
"TR43127","L315404","L808592"
"TS45549","L809321","L311268"
"TS45643","TR42091","TL37538"
"TS45561","TC58655","X805407"
"TS45555","TC58655","X805407"
"TS45553","TC58655","X805407"
"TR43125","TL39440","X805375"
"TR43121","TL39440","X805375"
"TS45746","TR43611","Y033838"
"TS45748","TR43611","Y033838"
"TS46199","Y033849","TJ24832"
"TS46231","X235541","Y033832"
"TS46126","TL38786","TR43640"
"TS46125","TL38786","TR43640"
"TS46413","TP42079","X805409"
"TS46416","TP42079","X805409"
"TS46455","Y034735","Y034724"
"TS46102",NA,"N199982"
"TS46113","TJ25282","L311395"
"TS46110","TJ25282","L311395"
"TS43344","L809071","TP28632"
"TS43349","L809071","TP28632"
"TS43561","L171472",NA
"TS43562","L171472",NA
"TR42472","Y034204","L808082"
"TR42471","Y034204","L808082"
"TR42476","Y034204","L808082"
"TR42474","Y034204","L808082"
"TS43593",NA,"X237965"
"TS43592",NA,"X237965"
"TS43594",NA,"X237965"
"TR42431","Y033804","TR42073"
"TR42438","Y033804","TR42073"
"TS43519","E509370","T640492"
"TS45818","Y033829","Y033830"
"TS45824","Y033829","Y033830"
"TS45819","Y033829","Y033830"
"TS43509","L808757","TL39121"
"TS43511","L808757","TL39121"
"TS43515","L808757","TL39121"
"TS45941","X239737","X239736"
"TR42429","Y034201","TP42049"
"TR42428","Y034201","TP42049"
"TR42424","Y034201","TP42049"
"TR42422","Y034201","TP42049"
"TR42425","Y034201","TP42049"
"TR42430","Y034201","TP42049"
"TR42426","Y034201","TP42049"
"TS46297","TR42071","TJ24902"
"TS46223","Y033840","TR42634"
"TS46234","L808067","TR40735"
"TS46239","L808067","TR40735"
"TS46233","L808067","TR40735"
"TS46189","TR42170","T640673"
"TS46188","TR42170","T640673"
"TS45932","L315805","TR40796"
"TS45935","L315805","TR40796"
"TS45931","L315805","TR40796"
"TS45939","L315805","TR40796"
"TS45938","L315805","TR40796"
"TS45929","L315805","TR40796"
"TS45965","Y034755","TL39479"
"TS45967","Y034755","TL39479"
"TS46206","TL39552","X235542"
"TS46163","TP28737","TR42059"
"TS46160","TP28737","TR42059"
"TS46167","TP28737","TR42059"
"TS46269","X239720","TL37132"
"TS46271","X239720","TL37132"
"TS46116","L808332","TJ24747"
"TS46280","L809091",NA
"TS46149","TR42058","L312169"
"TS46142","TR42058","L312169"
"TS46148","TR42058","L312169"
"TS46291","TR40093","L809019"
"TS46184","Y034702","TP42059"
"TS45959","TR42654","TL39459"
"TS46243","T640664","TR40742"
"TS46156","Y034701","TR42403"
"TS46267","TR43661","Y034706"
"TS46266","TR43661","Y034706"
"TS46259","TR43661","Y034706"
"TS46255","Y034705","L315813"
"TS46249","Y034705","L315813"
"TS46209","E509399","T640675"
"TS46213","E509399","T640675"
"TS46212","E509399","T640675"
"TS46215","E509399","T640675"
"TS43409","TR42570","TR42087"
"TS43403","TP28496","T640498"
"TS46141","T640728","TL38226"
"TS46137","T640728","TL38226"
"TS46135","T640728","TL38226"
"TS46178","L315886","TR40759"
"TS46169","L315886","TR40759"
"TS46171","L315886","TR40759"
"TS43329","X235598","X235505"
"TS43328","X235598","X235505"
"TS43330","X235598","X235505"
"TS45712","Y034205","TP42106"
"TS45711","Y034205","TP42106"
"TS45509",NA,NA
"TS45507",NA,NA
"TS45514",NA,NA
"TS45513",NA,NA
"TS45501",NA,NA
"TS45622",NA,NA
"TS45625",NA,NA
"TS43045","L809630","L809633"
"TS44716","TP41854","TP41649"
"TS44714","TP41854","TP41649"
"TS44712","TP41854","TP41649"
"TS44715","TP41854","TP41649"
"TS45232","TL37660","TR40119"
"TS45212","L809615","L808677"
"TS45216","L809615","L808677"
"TS45217","L809615","L808677"
"TS44906","TP41627","TL37825"
"TS44902","TP41627","TL37825"
"TS45036","Y032863","X237911"
"TS44972","TR42719","L808852"
"TS45207","L809606",NA
"TS44949","X237904","T640752"
"TS44940","X237904","T640752"
"TS44943","X237904","T640752"
"TS44951","X239846","TL37646"
"TS44984","TR40261","L809602"
"TS44768",NA,NA
"TS44769",NA,NA
"TS43531","L809426","F459758"
"TS45537","TR44157","X235596"
"TS45538","TR44157","X235596"
"TS45536","TR44157","X235596"
"TS45584","X235502","TP41767"
"TS45585","X235502","TP41767"
"TS45581","X235502","TP41767"
"TR42418","X235587","TJ27916"
"TR42413","X235587","TJ27916"
"TR42421","X235587","TJ27916"
"TR42420","X235587","TJ27916"
"TR42417","X235587","TJ27916"
"TS45845","TR40363","TR40740"
"TS45577","T640328","X237999"
"TS45575","T640328","X237999"
"TS43527","L312889","Y033835"
"TS43528","L312889","Y033835"
"TS45775","TR40336",NA
"TR44522","TR40339","TP41766"
"TR44524","TR40339","TP41766"
"TR44526","TR40339","TP41766"
"TR44521","TR40339","TP41766"
"TR44528","TR40339","TP41766"
"TS45834","TJ26240","L315203"
"TR44584","L312153","L315202"
"TR44551","TP25552","X235589"
"TR44518","TL37151",NA
"TR44520","TL37151",NA
"TR44507","T640707","TP25671"
"TL36107","TR42106","TR40045"
"TL36108","TR42106","TR40045"
"TL36106","TR42106","TR40045"
"TS45608","TP41640","L809327"
"TS45606","TP41640","L809327"
"TS45607","TP41640","L809327"
"TS43322","TR42288",NA
"TS43047","TJ26252","TL39083"
"TS44817","L809660","L809664"
"TS44815","L809660","L809664"
"TS43021","TK25698","TL37779"
"TS43025","TK25698","TL37779"
"TS45022",NA,NA
"TS45021",NA,NA
"TS45018",NA,NA
"TS44927",NA,NA
"TS44928",NA,NA
"TS44925",NA,NA
"TS44926",NA,NA
"TS44933",NA,NA
"TS44929",NA,NA
"TS44930",NA,NA
"TS44931",NA,NA
"TS44936",NA,NA
"TL36139","L808419","TR40743"
"TS46446","TR43591",NA
"TR44533","X239812",NA
"TR44534","X239812",NA
"TR44532","X239812",NA
"TR43173","TP42153","TL39445"
"TR43171","TP42153","TL39445"
"TR44571","L312300","X805180"
"TR44569","L312300","X805180"
"TR44702","L809365","L809413"
"TS46427","X239955","TP41543"
"TS46419","X239955","TP41543"
"TS46424","X239955","TP41543"
"TS46421","X239955","TP41543"
"TS46425","X239955","TP41543"
"TS46420","X239955","TP41543"
"TL36119","L809341","X805165"
"TL36125","L809341","X805165"
"TL36121","L809341","X805165"
"TL36124","L809341","X805165"
"TL36118","L809341","X805165"
"TL36123","L809341","X805165"
"TL36120","L809341","X805165"
"TS45626","L808480","TP41758"
"TS45629","L808480","TP41758"
"TS45633","L808480","TP41758"
"TS45628","L808480","TP41758"
"TS45634","L808480","TP41758"
"TS45632","L808480","TP41758"
"TS46432","X239901","L171498"
"TS45595","TK27170","X239958"
"TS45604","X239969","L312150"
"TS45597","X239969","L312150"
"TL36117","TP25700","X239971"
"TS43055","TL37749",NA
"TS43056","TL37749",NA
"TS43654","TR40042","TR44112"
"TS43656","TR40042","TR44112"
"TS43655","TR40042","TR44112"
"TS45005","TP28090",NA
"TS45004","TP28090",NA
"TS44854","TS45246","L312855"
"TS43571","TR42129","Y033855"
"TS43568","TR42129","Y033855"
"TS45751","TJ27510","V279628"
"TS45731","TJ24864",NA
"TS43540","Y034213","TP28740"
"TS43535","Y034213","TP28740"
"TS43538","Y034213","TP28740"
"TS43536","Y034213","TP28740"
"TS45795","L311897","TR42379"
"TS45925","TR42305","Y034712"
"TS45720","TP25026","L314282"
"TS45723","TP25026","L314282"
"TR42477","L808756","TR42235"
"TS45827","X237931","TR43643"
"TS45826","X237931","TR43643"
"TS45831","X237931","TR43643"
"TS45828","X237931","TR43643"
"TS43549","Y034208","TR42163"
"TS43547","Y034208","TR42163"
"TS43546","Y034208","TR42163"
"TS43550","Y034208","TR42163"
"TS46406","TL37748","TE80267"
"TS46401","TL37748","TE80267"
"TS46407","TL37748","TE80267"
"TS46405","TL37748","TE80267"
"TS46408","TL37748","TE80267"
"TS46402","TL37748","TE80267"
"TR42464","TP25494","TL38788"
"TR42460","TP25494","TL38788"
"TS45807","Y033847","Y033848"
"TS45813","Y033847","Y033848"
"TS45709","X239732","X239998"
"TS45706","X239732","X239998"
"TS45708","X239732","X239998"
"TS45704","X239732","X239998"
"TS45797","X239999","Y033827"
"TR43450","L809646","TP41548"
"TR43442","L808500","L315437"
"TR41967","TL37623",NA
"TR40529","TP28268","X235137"
"TP42911","TR44532","TR43131"
"TS47015","L315401","TJ26160"
"TS47014","L315401","TJ26160"
"TS47542","Y161053","Y161052"
"TS47540","Y161053","Y161052"
"TS47541","Y161053","Y161052"
"TS47539","Y161053","Y161052"
"TS47518","Y035838","Y161048"
"TS47503","TP28403","TR40055"
"TP42909","Y035971","L311268"
"TP42939","TS45597","TL37538"
"TP42982","TL37539","TL39659"
"TS46968","TS45709","Y160448"
"TP27544","TS45731","X237922"
"TP27512","Y160531","Y035899"
"TP27513","Y160531","Y035899"
"TP27537","X239722","L809089"
"TP27531","Y035875","TS44925"
"TL36228","H300253","L808337"
"TP42379","TR42428","TS46406"
"TP42376","TR42428","TS46406"
"TL39922","E509370","T640659"
"TL36277","X235008","X237965"
"TL36271","X235008","X237965"
"TP27524","TS46416","X239734"
"TP42339","Y034218","Y034217"
"TP42336","Y034218","Y034217"
"TP42309","L808757","X239736"
"TP42367","R639367","Y034285"
"TP27821","L315887","R639318"
"TP27816","L315887","R639318"
"TP27820","L315887","R639318"
"TP27824","L315887","R639318"
"TP27817","L315887","R639318"
"TP27818","L315887","R639318"
"TP27810","R639342","TS45797"
"TL39926","L808660","TR42066"
"TP27852","Y161529","TR42425"
"TP42431","TS45022","TS46407"
"TP42433","TS45022","TS46407"
"TL39982","Y837301","Y160527"
"TP42330","Y161003","TR43512"
"TP27502","TS46116","Y160996"
"TP42428","TR43559","TP42094"
"TP42424","Y160960","TL39459"
"TS44209","R639344","TR42403"
"TP27842","L315878","L315824"
"TP27841","L315878","L315824"
"TR40663",NA,NA
"TR40665",NA,NA
"TR40539","TS44940","Y160579"
"TS44206","X239974",NA
"TR43409","TP25910","Y034260"
"TR42900","Y032863","TL37793"
"TR42899","Y032863","TL37793"
"TR43439","TP28135","TS44768"
"TR44588","TS44826","Y160114"
"TP27828","Y160935","TS45845"
"TS47073","X235587","TJ27916"
"TS47057","TS45043","L808903"
"TR43401","TS45626",NA
"TR43403","TS45626",NA
"TR43402","TS45626",NA
"TS47592","TR42314","L808718"
"TS47589","TR42314","L808718"
"TS47711","TJ26240","TR40740"
"TS47708","TJ26240","TR40740"
"TS47562","TS46199","TP26600"
"TP42917","Y033405","TJ24873"
"TS47003","L315409","Y838201"
"TR40523","TR44501","TS44931"
"TR40524","TR44501","TS44931"
"TS47531","TP42153","TL39445"
"TS47529","TP42153","TL39445"
"TS47037","L809077","TP42941"
"TP42944","L809341","X805165"
"TS47043","TR42460","TS45625"
"TS47042","TR42460","TS45625"
"TS47597","TP25700","TS46291"
"TR40808","L808164","L312854"
"TR40855","TS46425","TS43654"
"TP42332","Y035845","Y033138"
"TP42334","Y035845","Y033138"
"TL39940","TS46126","Y031452"
"TL39809","TR42129","Y033855"
"TP42389","T640642","V279628"
"TL36297","TJ24864","Y160507"
"TL36296","Y160456","TS43571"
"TL36246","L311897","TR42378"
"TP42439","V260986","TS46188"
"TP42380","TC59686","TP28778"
"TP42381","TC59686","TP28778"
"TL39957","TS43349","Y035896"
"TL39955","TS43349","Y035896"
"TL39959","TS43349","Y035896"
"TL36237","X239732",NA
"TL39910","X239999","X239998"
"TL39911","X239999","X239998"
"TL36257","Y033142","TR42477"
"TS43230","Y837438","TL37733"
"TS43229","Y837438","TL37733"
"TL39720","Y837456","TR42899"
"TS43260","Y160630","Y160631"
"TS43239","TP41889","TR40266"
"TS43241","TP41889","TR40266"
"TS43238","TP41889","TR40266"
"TS43272","TR40263","X235629"
"TS43273","TR40263","X235629"
"TP27429","L315001","L808882"
"TP27444","Y164653","Y838339"
"TP27445","Y164653","Y838339"
"TP27443","Y164653","Y838339"
"TP27407","Y838509","X235022"
"TP27460","L808862","X239966"
"TP27459","L808862","X239966"
"TS43276","L315207","L809621"
"TS45695","L809646","Y033185"
"TP42712","Y839002","Y160448"
"TP42717","Y839002","Y160448"
"TP42714","Y839002","Y160448"
"TP42715","Y839002","Y160448"
"TP42797","TS47014","Y837601"
"TP42772","R639378","Y838101"
"TP42771","R639378","Y838101"
"TP42718",NA,"Y837602"
"TP42722",NA,"Y837602"
"TP42759","T176944","L808053"
"TP42761","T176944","L808053"
"TP42738","L315402","X805407"
"TP42743","Y035971","L311268"
"TP42742","Y035971","L311268"
"TP42727","TL39440","X805375"
"TP42709","TP28712","Y836964"
"TS47476",NA,NA
"TS47498","TR43611","Y160446"
"TS47497","TR43611","Y160446"
"TS47487",NA,"X805656"
"TS47486",NA,"X805656"
"TS47490",NA,"X805656"
"TS47220","Y160531","Y035899"
"TS47200","TS47057","Y161336"
"TS47198","TS47057","Y161336"
"TS47246","Y031454",NA
"TS47247","Y031454",NA
"TS47424",NA,NA
"TS47429",NA,"TL36277"
"TS47425",NA,"TL36277"
"TS47428",NA,"TL36277"
"TS47483","TJ24711",NA
"TS47484","TJ24711",NA
"TS47242","TS44206","TL39911"
"TS47244","TS44206","TL39911"
"TS47241","TS44206","TL39911"
"TS47205","H300253","X805499"
"TS47203","H300253","X805499"
"TS47471","L315026","TP28632"
"TS47464","L315026","TP28632"
"TS47466","L315026","TP28632"
"TS47469","L315026","TP28632"
"TS47168","X239737",NA
"TS47132","Y838931","TS45795"
"TS47136","Y838931","TS45795"
"TS47133","Y838931","TS45795"
"TS47135","Y838931","TS45795"
"TS47137","Y838931","TS45795"
"TS47141","Y838964","Y837333"
"TS47167","Y033829","TS45831"
"TS47164","Y033829","TS45831"
"TS47165","Y033829","TS45831"
"TX42784",NA,"L315824"
"TS47277","Y839844",NA
"TX42763","L808757","X239736"
"TX42760","L808757","X239736"
"TS47178","TL38224","TR40796"
"TS47172","TL38224","TR40796"
"TS47174","TL38224","TR40796"
"TS47173","TL38224","TR40796"
"TR44260","Y162866","R639318"
"TR44257","Y162866","R639318"
"TR44258","Y162866","R639318"
"TX42794","TS46405","TJ24902"
"TX42790","TS46405","TJ24902"
"TX42791","TS46405","TJ24902"
"TX42724","TX42521","TR42418"
"TX42725","TX42521","TR42418"
"TS47257","TP27824","TS43535"
"TS47258","TP27824","TS43535"
"TS47259","TP27824","TS43535"
"TS47253","TP27824","TS43535"
"TS47209","TS46402","TJ24747"
"TS47208","TS46402","TJ24747"
"TS47410","Y837301","TS45932"
"TS47413","Y837301","TS45932"
"TS47411","Y837301","TS45932"
"TS47406","TL36228","TC58613"
"TS47407","TL36228","TC58613"
"TR44247","TS45633","TS43656"
"TX42773","TS45538","TP27820"
"TX42411","TS47562","TR42472"
"TX42796","R639367","Y146330"
"TX42797","R639367","Y146330"
"TS47285","Y161935","TL39922"
"TX42634","TP42380","R639320"
"TX42629","TP42380","R639320"
"TX42550","TP42439","Y031409"
"TX42553","TP27821","Y164645"
"TX42556","TP27821","Y164645"
"TX42776","TL39940","Y162795"
"TX42779","TL39940","Y162795"
"TX42767","R639345","D471128"
"TX42766","R639345","D471128"
"TS47183","R639325","TS43561"
"TP42793",NA,NA
"TP42794",NA,NA
"TP42735",NA,NA
"TP42736",NA,NA
"TR44060","TS44940","Y160579"
"TL36058","TS45782","TS44972"
"TS45697","TS45212","TR40237"
"TS45698","TS45212","TR40237"
"TR44097","Y031694","L808853"
"TR44096","Y031694","L808853"
"TR44095","Y031694","L808853"
"TL36083","TR40256","Y839738"
"TL36084","TR40256","Y839738"
"TL36085","TR40256","Y839738"
"TS45689","TS44714","Y034259"
"TS45686","TS44714","Y034259"
"TS45688","TS44714","Y034259"
"TR44083","TR42719","L808852"
"TR44073","Y033194","TP41729"
"TR44100","L809606","L171385"
"TS45682","Y032863","TL37793"
"TS45683","Y032863","TL37793"
"TL36059","TP28135","Y160634"
"TL36065","TP28135","Y160634"
"TL36062","TP28135","Y160634"
"TL36063","TP28135","Y160634"
"TL36061","TP28135","Y160634"
"TS43247","X235029","TP28157"
"TS43249","X235029","TP28157"
"TX42538",NA,NA
"TX42536",NA,NA
"TR44215","L809426","E509388"
"TR44217","L809426","E509388"
"TR44218","L809426","E509388"
"TR44220","L809426","E509388"
"TR44205","Y163545","TP42941"
"TR44210","Y163545","TP42941"
"TR44206","Y163545","TP42941"
"TX42509","X235587","TJ27916"
"TX42512","X235587","TJ27916"
"TX42718",NA,"Y161987"
"TX42719",NA,"Y161987"
"TR42915","TP25604","TX42642"
"TX42609","TR40363","L808718"
"TX42541","Y163543","TS47042"
"TR44232","L809411","TS46141"
"TR44231","L809411","TS46141"
"TX42712","Y838357","Y164923"
"TR44236","Y163548","TS47518"
"TX42602","TS47597","TL36246"
"TX42603","TS47597","TL36246"
"TR44214","Y160479","TS47531"
"TX42727","L809427","KR81621"
"TX42729","L809427","KR81621"
"TX42726","L809427","KR81621"
"TX42746","Y033405","TJ24873"
"TX42748","Y033405","TJ24873"
"TX42744","Y033405","TJ24873"
"TX42747","Y033405","TJ24873"
"TX42525","X805135","TP42367"
"TL39730","Y164792",NA
"TS43242","Y162433","L809664"
"TX42516","Y838309",NA
"TX42701","L315409","Y838201"
"TX42703","L315409","Y838201"
"TX42702","L315409","Y838201"
"TX42706","L315409","Y838201"
"TX42752","Y161027","TS44936"
"TX42750","Y161027","TS44936"
"TX42751","Y161027","TS44936"
"TX42755","Y161027","TS44936"
"TX42502","TP42153","TS44936"
"TX42503","TP42153","TS44936"
"TX42501","TP42153","TS44936"
"TR44250","TP42944","TX42601"
"TR44249","TP42944","TX42601"
"TX42559","TP42911","TL39926"
"TX42557","TP42911","TL39926"
"TX42560","TP42911","TL39926"
"TR43484","Y163533",NA
"TR43485","Y163533",NA
"TX42638","D471706","TS43654"
"TR43481","TL39959","Y838317"
"TR43483","TL39959","Y838317"
"TR43480","TL39959","Y838317"
"TR43482","TL39959","Y838317"
"TX42740","TP42982","Y146228"
"TR44256","TR44160",NA
"TR44221","TS47015","TX42532"
"TP27426","TS45009","TS46212"
"TP27421","TS45009","TS46212"
"TP27422","TS45009","TS46212"
"TP27413","Y161489","Y162402"
"TP27415","Y161489","Y162402"
"TP27450","TR41967","TP28474"
"TS47461","TS46416","TP42336"
"TS47462","TS46416","TP42336"
"TS47459","TS46416","TP42336"
"TS47106","Y034216","Y033138"
"TS47230","TS43593","TP42433"
"TS47231","TS43593","TP42433"
"TS47227","TS43593","TP42433"
"TS47482","Y838658","TP42376"
"TS47478","Y838658","TP42376"
"TS47477","Y838658","TP42376"
"TS47479","Y838658","TP42376"
"TS47130","L311897","TP27842"
"TS47125","L311897","TP27842"
"TS47107",NA,"Y838904"
"TX42756","Y838965",NA
"TS47194","TC59686","Y034292"
"TS47190","TC59686","Y034292"
"TS47493","TS43349","Y164955"
"TS47495","TS43349","Y164955"
"TS47492","TS43349","Y164955"
"TS47491","TS43349","Y164955"
"TS47271","TL37748",NA
"TS47269","TL37748",NA
"TS47122","TP25494","TS46406"
"TS47124","TP25494","TS46406"
"TS47120","TP25494","TS46406"
"TS47442","L808736","TP42334"
"TS47440","L808736","TP42334"
"TS47444","L808736","TP42334"
"TS47112","TP42045","Y034298"
"TS47111","TP42045","Y034298"
"TS47151","Y160669","Y035846"
"TS47152","Y160669","Y035846"
"TS47146","D471130",NA
"TS47145","D471130",NA
